id,label
11421,0
12227,0
22902,0
16450,1
2770,0
17857,0
7882,0
25364,0
9798,0
13610,0
18003,0
20270,0
3512,0
3641,0
26238,0
23990,0
29365,0
16514,0
25929,0
1808,0
1280,0
30098,0
5009,0
23616,0
3127,0
26241,0
22903,0
1026,0
28872,0
4724,0
23617,0
6819,0
23726,0
8466,0
6742,0
17875,0
2117,0
29198,0
20556,0
13936,0
23379,0
19209,0
28135,0
31655,0
5070,0
23903,0
7910,0
18807,0
6945,0
716,0
932,0
7242,0
29189,0
23104,0
20563,0
24574,0
26277,0
12558,0
14894,0
27356,0
7131,0
28641,0
31962,0
28206,0
6863,0
21803,0
431,0
29505,0
533,0
7111,0
30444,0
20427,0
19140,0
803,0
25200,0
4236,0
18706,0
27832,0
31852,0
10498,0
29263,1
8691,0
13782,0
11237,0
16890,0
27652,0
30700,1
31590,0
14825,0
27264,0
13513,0
9320,0
19722,0
6061,0
31042,0
13218,0
15038,0
9067,0
20807,0
9002,0
5835,0
30898,0
29234,0
8880,0
6606,0
27886,0
9545,0
17055,0
24145,0
28367,0
17222,0
7971,0
2114,0
26074,1
24289,0
27067,0
11472,0
11655,0
6649,0
4082,0
5485,0
7097,0
17138,1
19403,0
15404,0
5506,1
11654,0
13,0
22934,0
17175,1
22096,0
20805,0
10323,0
8876,1
26529,0
898,0
7607,0
16147,1
8715,0
635,0
13011,0
27244,0
6133,0
24874,0
12170,0
17462,0
5366,0
18518,0
28756,0
31921,0
4882,0
6153,0
18247,0
3656,0
2045,0
15290,0
16664,0
30300,0
17187,0
30820,0
28517,0
4452,0
17504,0
2131,0
14919,0
22264,0
30330,0
19420,0
5206,0
2203,0
4144,0
7668,0
14472,0
19456,0
26421,0
8719,0
19803,0
23874,0
3223,0
23683,0
583,0
27073,0
30490,0
7705,0
8183,0
21083,1
30219,0
12463,0
15636,0
27300,0
31657,0
12841,0
9744,0
28997,0
12123,0
21813,0
15512,0
27362,0
28184,0
14280,0
22236,0
29907,0
5085,0
21665,0
15584,1
3075,0
24354,0
11494,0
20390,1
2381,0
20481,0
29089,0
28410,0
10623,0
11987,0
27622,0
27760,0
19535,0
30804,0
18868,0
19957,0
25097,0
8614,0
28374,0
18469,0
19296,0
7942,0
28965,0
16620,0
596,0
1186,0
31247,0
12000,0
8237,0
13205,0
27948,1
22123,0
12119,0
19652,0
4179,0
17438,0
2685,0
27809,0
9506,0
14373,0
2437,0
24097,0
31823,0
4981,0
26488,0
24251,0
25574,0
2121,0
2362,0
22020,0
17470,0
30987,0
19215,0
25693,0
22145,0
16320,0
16047,0
1105,0
13431,0
12055,0
11417,0
18026,0
29943,0
14001,0
31050,0
12638,0
7338,0
24727,0
18539,1
3451,0
23445,0
10837,0
20697,0
18168,0
26936,0
6765,1
12508,0
2480,0
15964,0
14009,1
17571,0
26822,0
31859,0
20097,0
23751,0
20079,0
12248,0
6447,0
18065,0
6270,0
16952,0
3948,0
13014,0
11361,0
11454,0
14677,0
16496,0
17724,0
28667,0
7478,0
10332,0
26708,0
5487,0
17745,0
2861,0
17097,0
15935,0
6688,0
25130,0
8351,0
3174,0
14992,0
9046,0
18101,0
28108,0
26640,0
3455,0
16021,0
19948,0
7227,0
10036,0
18246,0
24424,0
8212,0
11814,0
5809,0
27731,0
12115,0
2599,0
4740,0
20293,0
7446,0
4205,0
14812,0
31083,0
4561,0
19638,0
3372,0
9370,0
3472,0
18849,0
13860,0
24747,0
16204,0
3915,0
12466,0
11274,0
18315,0
15300,0
18506,0
12039,0
13145,0
29583,0
23335,0
9508,0
11174,0
23298,0
28850,0
25661,0
5595,0
10955,1
30045,0
2030,0
16438,0
15801,0
26302,0
2005,0
21439,0
11991,0
24103,0
21771,0
7524,0
17021,0
5945,0
12061,0
23264,0
12031,0
22693,0
22477,0
17156,0
25159,0
14395,0
7902,0
24035,0
12369,0
14031,0
12114,0
22819,0
18583,0
17104,0
19619,0
18527,0
42,0
3234,0
31017,0
20667,0
9036,0
14105,0
14168,0
28049,0
9484,0
19321,0
29480,0
27425,0
20813,0
30568,0
31445,0
13338,0
12583,0
1077,0
6192,0
2287,0
19168,0
23981,0
10678,0
7631,0
20610,0
13537,1
7405,0
17051,0
21863,0
17291,0
25488,0
25813,1
8883,0
7310,0
29691,0
11793,0
26023,0
21411,0
7653,0
22037,0
11523,0
5362,0
23899,0
14268,0
17708,0
19940,0
5313,0
29612,0
18125,0
20923,0
24039,0
3321,0
19552,0
4281,0
24737,0
10695,0
1262,0
23199,1
15316,0
21883,0
15078,0
31136,0
6727,0
26855,0
24540,0
5666,0
14551,0
6411,0
25566,0
24402,0
5449,0
24431,0
13724,0
13723,0
16698,0
8601,0
8381,0
12572,0
22979,0
26947,0
25955,0
7262,1
1136,0
19325,0
11277,0
19041,0
14224,0
16052,0
25273,0
9595,0
15013,0
9512,0
27085,0
11621,0
20370,0
1647,0
31099,0
8003,0
31855,0
13765,0
27306,0
7800,0
1065,0
10166,0
22793,0
21809,0
31326,0
31199,0
9823,0
10155,0
29224,0
22546,0
21913,0
12538,0
27680,0
4233,0
28993,1
5554,0
258,0
17214,0
15189,0
14471,1
12240,0
20386,0
28763,0
29589,0
27669,0
6511,0
30254,0
16591,0
21975,0
31098,0
22309,0
13384,0
15792,0
7898,0
21838,0
22287,0
12266,0
27651,0
30586,0
7526,0
18418,0
25153,0
2848,0
21970,0
23511,0
21990,0
31865,1
20013,0
2560,0
23174,0
7389,0
4295,0
10318,0
14772,0
10237,0
21606,0
3534,0
4473,0
13883,0
2006,1
11927,0
24888,0
5976,0
25547,0
9297,0
7793,0
15934,0
20634,0
19712,0
2702,0
8848,0
2745,0
25884,0
12528,0
17212,0
1886,0
28116,0
15536,0
28028,0
16278,0
13759,0
15369,0
13796,0
14896,0
16041,0
345,0
2510,0
21468,0
23010,0
17106,0
14090,0
20672,0
13503,0
3273,0
18286,0
22223,0
18991,0
26644,0
4408,0
6853,0
7454,0
24273,0
13830,0
29821,0
8377,0
7655,0
31174,0
31559,0
7477,0
28074,0
738,0
18870,0
3346,0
23676,0
27791,0
22140,0
26507,0
19106,0
19714,0
8968,0
13064,0
20618,0
912,0
31084,0
29825,0
15712,0
11563,0
2279,0
30713,0
26039,0
3121,0
26317,0
22963,1
289,0
14505,0
450,0
10445,0
2376,0
23140,0
15014,0
1529,0
20950,0
28780,0
14600,0
17042,0
916,0
17450,0
16399,0
28614,0
8914,0
5399,0
25319,0
28912,0
755,0
9222,0
4670,0
13081,0
2210,0
27002,0
19490,0
5029,0
10757,1
24587,0
15824,0
1868,0
4871,0
4129,0
24193,0
8488,0
21740,0
13102,0
28783,0
15694,0
30643,0
23126,0
20399,0
21860,0
4674,0
16386,0
29844,0
3270,0
16937,0
26496,0
1164,0
13456,0
16654,0
11003,0
10907,0
31465,0
5995,0
28392,1
28654,0
26790,0
2160,0
21045,0
24787,0
18376,0
2995,0
19340,0
31308,0
5258,0
14570,0
10632,1
6314,0
9797,0
14845,0
10924,0
5221,0
9943,0
647,0
16957,0
6699,0
10338,0
21069,0
28339,0
31748,0
21137,0
5629,0
19960,0
14173,0
19724,0
15491,0
9782,1
15531,0
29938,0
20011,0
24256,0
31387,0
3391,0
18290,0
19748,0
23668,0
13230,0
1888,0
5985,0
24693,0
20517,0
2849,0
2813,0
2337,0
29136,0
17275,0
27119,0
23071,0
13095,0
20400,0
30387,0
4398,0
28722,0
3766,0
19288,0
14795,0
8713,0
22959,1
22473,0
29566,0
18722,0
19176,0
17864,0
18997,0
11150,0
11142,0
17478,0
19610,0
828,0
30132,0
4502,0
21471,0
678,0
30623,0
15053,0
13857,0
17632,0
29230,1
8982,0
13755,0
31684,0
13673,0
25605,0
13717,0
20971,0
18501,0
30548,0
7284,0
27741,0
17412,0
27805,0
7596,0
3106,0
20817,0
22684,0
1049,0
20472,0
11241,0
11751,0
27777,0
24768,0
24695,0
24158,0
23467,0
20354,0
5634,0
2021,0
2239,0
2018,0
9865,0
12785,0
16044,0
608,0
21548,0
19965,0
4757,0
7648,0
27492,0
29412,0
12617,0
19117,0
24036,0
6521,0
24081,0
14587,0
7079,0
7311,0
9793,0
9237,0
3524,0
9461,0
4831,0
4611,0
20192,0
1596,0
9369,0
28923,0
28567,0
5699,0
28693,0
10289,0
31058,0
20032,0
232,1
8611,0
22936,0
29922,0
2981,0
21369,1
2578,0
9247,0
24403,0
16729,0
19808,1
12694,0
17944,0
6780,0
9641,0
26772,0
26713,0
2499,0
29655,0
24139,0
1715,0
9019,0
14057,0
1085,0
11039,1
11585,0
26702,0
15564,0
29018,0
14120,0
5426,0
3201,0
28977,0
30147,0
23785,0
6157,0
19312,1
28753,0
8218,0
10400,0
11106,0
4413,0
31815,0
19230,0
1637,0
25156,0
12764,0
27320,0
11752,0
8210,0
27343,0
17460,0
726,0
19749,0
8130,0
6997,0
11660,0
4598,0
12421,0
1436,0
8041,0
22543,1
19021,0
2248,0
901,0
28553,0
31409,0
2001,0
26459,0
7651,0
18594,0
25645,0
24025,0
16857,0
23151,0
29577,0
14322,0
10029,0
1179,0
30306,0
184,0
24063,1
23937,0
18438,0
12017,0
2144,0
13362,0
21518,0
1537,0
941,0
12217,0
6932,0
3591,0
16054,0
16333,0
30174,0
11040,0
9818,0
8787,0
2348,0
18683,0
24192,1
22631,0
14399,0
5536,0
15351,0
17375,0
4623,0
17066,0
13066,0
15571,0
858,0
22671,0
7896,0
7618,0
13957,0
7972,0
17601,0
3739,0
12541,0
14674,0
22348,1
22322,0
26628,0
29172,0
19670,0
20335,0
29161,0
31623,0
16480,0
16260,0
6968,0
25065,0
23578,0
8699,0
21783,0
9677,0
7528,0
27271,0
2919,0
15739,0
14424,0
3845,0
16580,0
1777,0
245,0
2790,0
15389,0
19647,0
31786,0
13114,0
13570,1
26066,0
10799,0
7641,1
26825,0
25960,0
10515,0
11986,0
26656,0
17655,0
14609,0
26105,0
15213,0
15985,0
26849,0
31334,0
710,0
10262,0
30902,0
13147,0
10129,0
16227,0
4847,0
27139,0
24879,0
7985,0
17413,0
15460,0
17476,0
6265,0
923,0
9859,0
26499,0
14166,0
3194,0
593,0
8301,0
4299,0
15946,0
2965,0
2167,0
19010,0
19229,0
17403,0
20635,0
29476,0
13156,0
14291,0
24222,0
11087,0
25487,0
2559,0
17123,0
29993,0
19745,0
27573,0
31620,0
6510,0
17122,0
7362,0
3185,0
23393,0
31010,0
25786,0
23795,0
27156,0
7521,1
339,0
6277,0
23757,0
9045,0
13364,0
8015,0
18778,0
9532,0
9073,0
955,0
8201,0
29646,0
29849,0
18038,0
12888,0
3703,0
25018,0
22109,0
14977,0
21101,0
11862,0
8761,0
27230,1
15575,0
196,0
15662,0
8868,0
3447,0
65,0
28132,0
5599,0
5762,0
16876,0
1392,0
5960,0
25975,0
21733,0
3183,0
9281,0
11594,0
31248,0
8432,0
21893,0
4544,0
3322,0
17026,0
31847,0
19078,0
3643,0
22915,0
19979,0
2484,0
5224,1
2467,0
29819,0
19272,0
13807,0
20584,0
18417,1
20544,0
9561,0
10229,1
3632,0
20857,0
960,0
26484,0
26138,0
3292,0
30204,0
25906,0
30481,0
31440,0
22121,0
7929,0
4506,0
28158,0
14690,0
13018,0
573,0
23168,0
16587,0
25058,0
31473,0
31154,0
8969,0
22636,0
9753,0
27935,1
16059,0
30228,0
9024,0
18355,0
29648,0
22308,0
17574,0
29247,0
10982,0
11122,0
19148,0
3630,0
22714,0
1724,0
26845,0
31700,0
1891,0
9817,0
10728,0
6615,0
29132,0
27697,0
20485,0
25860,0
19051,0
23435,1
23654,1
14553,0
3701,0
2575,0
28752,0
3815,0
17267,0
31192,0
25255,0
14862,0
13494,0
21113,0
23710,0
30909,0
6797,1
29813,0
23936,0
15097,0
4533,0
3572,1
13047,0
31872,0
9626,0
20814,0
16061,0
18564,1
26743,0
22796,0
24269,0
12303,0
9380,0
22532,0
7196,0
9912,0
802,0
9990,1
6975,0
24670,0
30669,0
17656,0
28698,0
7566,0
20918,0
27890,0
1335,0
11028,0
21294,0
30379,0
28432,0
19328,0
8572,0
7258,0
27690,0
30094,0
4923,0
5968,0
23244,0
7909,0
395,0
1697,0
7235,0
10063,0
5436,1
7544,0
21666,0
6296,0
29002,0
3627,0
7760,0
14288,0
4334,0
19029,1
8689,0
21057,0
27288,0
25746,0
28768,0
27344,0
25824,0
2875,0
25259,0
10428,0
1370,0
8493,0
14278,0
24733,0
27337,0
31110,0
11691,0
539,0
31688,0
6399,0
7321,0
10178,0
27061,0
26189,0
5845,0
30280,0
12102,0
19759,0
12656,0
14817,1
26648,0
14781,0
28796,0
23195,0
3206,0
15323,0
27243,0
16732,0
12418,0
1833,0
3798,0
28042,0
26968,0
18037,0
9308,0
7700,0
16152,0
28220,0
16192,0
15177,0
11724,0
1705,0
4749,0
3538,0
26038,0
22958,0
27284,0
4762,0
17927,0
3476,1
14357,0
10577,0
19169,0
22976,0
11368,0
8813,0
19508,0
24013,1
31646,0
27165,0
6108,0
5794,0
6228,0
12098,0
12683,0
10146,0
2783,0
13963,0
3747,0
16256,0
10925,0
8647,0
12255,1
28584,0
22012,0
6659,0
1265,0
21974,0
27923,0
5816,0
26330,0
10910,0
13840,0
7197,0
27691,0
7316,0
3853,0
1348,0
12847,0
26878,0
8752,0
10971,0
7491,0
30832,0
8785,0
12340,0
582,0
18995,0
25805,0
19086,0
26760,1
1733,0
590,0
29585,0
11573,0
22841,0
74,0
14615,0
12405,0
20783,0
19640,0
2497,0
18602,0
13785,0
5212,0
4441,0
4620,0
18248,0
15653,0
30961,0
20541,0
4458,0
4399,0
17032,0
4026,0
29672,0
13955,0
2148,0
6938,0
256,0
8921,0
25021,0
25654,0
29909,0
5709,0
26440,0
26650,0
7476,0
1224,0
3560,0
9127,0
7876,0
4675,0
12864,0
8171,0
13806,0
14432,0
9385,0
15981,0
26109,1
6772,0
92,0
15783,0
7473,0
5439,0
3764,0
31229,0
22284,0
63,0
5566,0
29546,0
6712,0
1594,0
30356,0
11103,0
29422,0
3410,0
26665,0
12314,0
28346,0
29869,0
22148,0
23930,0
21868,0
5337,0
28691,0
2648,0
30403,0
11350,0
31647,0
29802,0
7174,0
9171,0
3461,0
30238,0
17196,0
24856,1
10207,1
19200,0
2413,0
15559,0
4591,0
18766,0
11027,0
16273,0
17813,0
2309,0
3883,0
20340,0
16877,0
30326,0
23999,0
9079,0
27997,0
13906,0
21685,0
4388,0
11054,0
11547,0
23650,0
29750,0
23367,0
21668,0
16230,0
6476,0
17258,0
20301,0
23693,0
16483,0
22715,0
11139,0
2589,0
20204,0
10415,0
27624,0
8250,0
29823,0
4407,0
8284,0
25377,0
5813,0
16150,0
3481,0
18781,1
15949,0
22416,0
5694,0
17731,0
21825,0
23638,0
13223,0
10952,0
31146,0
23812,0
16176,0
17934,0
23283,0
13400,0
27059,0
30756,0
10863,0
21609,0
26614,1
24620,0
25551,0
12963,0
3720,0
4518,0
20546,0
16646,1
26607,0
6286,0
3935,0
7285,0
30421,0
13229,0
26831,1
21935,1
17943,0
4338,0
22966,0
16207,0
26709,0
15791,1
13194,0
11271,0
15921,0
22501,0
762,0
30031,0
19559,1
13367,0
7,0
15984,0
5262,0
2999,0
19220,0
28013,0
26992,0
17824,1
754,0
10875,0
5159,0
23235,0
14255,0
14177,0
12839,0
16022,0
2094,0
10051,0
12726,0
4997,0
26199,0
28384,0
13482,0
1266,0
19030,0
23185,0
26850,0
13859,0
10578,0
13404,0
4225,0
18264,0
17522,0
21959,0
11014,0
4839,0
25989,0
22941,0
22637,0
28300,0
24519,0
6,0
27500,0
9997,0
15,1
18031,0
30621,0
20136,0
25480,0
52,0
6646,0
5267,0
285,0
23211,0
28688,1
22278,0
26325,0
2349,1
10047,1
14799,0
12934,0
26193,0
21129,0
20080,0
31935,0
25915,0
2075,0
24696,0
12571,0
31186,0
15696,0
22217,1
4158,0
23115,0
25266,0
775,0
24943,0
31135,0
29282,0
29490,0
13121,0
2762,0
9563,1
17736,0
27429,0
13084,0
16788,0
10460,0
22560,0
5094,0
18244,0
21023,0
7334,0
28525,0
15773,0
11825,0
21741,0
27738,0
3237,0
27250,0
21563,0
6026,0
25660,0
9781,0
12118,0
27543,1
17692,0
11400,0
24778,0
23111,0
12060,0
11078,0
16932,1
18451,0
12778,0
14385,0
31364,0
18519,0
27360,0
403,0
12357,0
16779,0
28502,1
1399,0
482,0
22221,0
16463,0
30533,0
27902,0
10983,0
31155,0
7775,0
23908,0
9703,0
13549,0
29807,0
1975,0
20388,0
16582,0
24907,1
15997,0
2335,0
17630,0
14545,0
455,0
30799,0
21244,0
27192,0
30617,0
21706,1
18974,0
11047,0
22373,1
6472,0
29127,0
27199,0
440,0
7903,0
23608,0
27114,0
3601,0
7291,0
12376,0
7783,0
1455,0
8290,1
21757,0
12688,0
22874,0
22561,0
2393,0
4911,0
572,0
31185,0
15466,0
20003,0
31729,0
12177,0
9733,0
3593,0
7455,0
13956,0
8258,0
4549,0
23735,0
21343,0
4802,0
11614,0
27944,0
27109,0
13870,0
20278,1
22514,0
8646,0
27293,0
2271,0
24246,1
1125,0
28562,0
14467,1
29579,0
22029,0
6599,0
27879,0
20962,0
9541,0
14819,0
31240,0
1896,1
27584,0
27145,0
10820,0
22698,0
13868,0
19338,0
12564,0
14753,0
20878,0
12375,0
17400,0
27217,0
7382,0
31507,0
3871,0
24202,1
6438,0
20938,0
26901,0
2614,0
26571,0
25587,0
8264,0
20772,0
27276,0
3682,0
900,0
11700,0
17756,0
5264,1
7301,0
19067,0
18948,0
24507,0
17688,0
1042,0
15950,0
22110,0
22821,0
30402,0
2217,0
26978,0
20188,0
16128,0
22850,0
30882,0
25536,0
19467,0
1782,0
19972,0
790,0
21381,0
27316,0
23521,0
19228,0
26618,0
19625,0
7675,0
1747,0
16038,0
800,0
20654,0
8310,0
16,0
254,0
11296,0
566,0
16340,0
6923,0
5052,0
11427,1
16124,0
20716,0
9523,1
7305,1
6195,0
5948,0
11674,0
29086,0
17072,0
21854,0
31474,0
7962,0
2742,0
25794,0
5142,0
15937,0
1413,0
23284,0
26902,0
16135,0
6087,0
19596,0
4256,0
3377,0
6877,0
13578,0
2350,0
3409,0
23416,0
2197,0
4592,0
11305,0
6790,1
3801,0
2809,0
27613,0
13749,0
15841,0
8627,0
22544,0
9895,1
19918,0
1046,0
17960,0
7979,0
1555,0
20611,0
17626,0
12425,0
20411,0
2513,0
9121,1
21616,0
18111,0
20989,0
16597,0
9616,0
8034,0
16771,0
31599,0
10170,0
25000,0
961,0
6635,1
18596,0
24773,0
25195,0
4378,0
3180,0
11584,0
13505,0
11830,0
8852,0
20852,0
23567,0
8570,0
5058,0
12368,0
906,0
24694,0
17971,0
15736,0
15296,0
10284,0
1584,0
31382,0
18886,0
17465,0
31159,0
8766,0
14181,0
10150,1
15828,0
20119,0
29164,0
19720,0
30903,0
16149,0
31356,0
17794,0
30636,1
25881,0
20261,0
15314,0
29057,0
17058,0
3330,0
23573,0
21512,0
13550,0
2176,1
7000,0
31649,0
9001,0
14769,0
23570,0
21038,0
17647,0
371,0
35,0
3157,0
23388,0
26111,0
23123,0
13954,0
17698,0
9405,0
15239,0
27295,0
29808,0
3918,0
2582,0
11489,0
17370,0
24883,0
16870,0
2835,0
19470,1
4711,0
19157,0
15659,0
16025,0
4805,0
8112,0
16056,0
27449,0
23030,0
29272,0
5352,0
24215,0
5150,0
22920,0
9531,0
7957,0
5024,0
9645,0
1017,0
22668,1
8541,0
18373,0
30720,0
15811,0
17386,0
9586,0
14223,0
7770,0
19361,0
11576,0
11886,0
23278,0
3143,0
7098,0
5610,0
27412,0
25391,0
28751,0
11516,1
15877,0
29374,0
9323,0
6800,0
4938,0
15120,0
25625,0
11824,0
25905,0
5186,0
22577,0
26418,0
25398,0
4450,0
14340,0
18204,0
3784,0
20622,0
18223,0
13344,0
19032,0
6352,0
15666,0
10113,0
28611,0
26117,0
7853,0
25508,0
13372,0
7785,0
4366,0
25362,0
31517,1
1029,0
7868,0
1220,0
18572,0
24415,0
28954,0
8904,0
1904,0
11330,0
4730,0
6897,0
19862,0
15518,0
25246,0
28589,0
28836,0
12313,0
12740,0
23301,0
31062,0
27072,0
6607,1
9652,0
4346,0
16456,0
27977,0
2909,0
7582,0
17227,0
15210,0
1114,0
31831,0
11769,0
16838,0
1502,0
26033,0
27883,0
10066,0
4335,0
19136,0
1906,0
19142,0
17962,0
1163,0
10062,0
9731,0
27628,0
10902,0
22563,0
16685,0
5344,0
8495,0
5766,0
11730,0
3699,0
25118,0
7472,0
5613,0
24849,0
30485,0
9892,0
28873,0
9687,0
29357,0
15763,0
18452,0
11962,0
26903,0
31718,0
26952,0
19701,0
22972,0
16938,0
25914,0
2424,0
29175,1
3310,0
17678,0
4351,0
11463,0
687,0
21532,0
9848,0
139,0
19928,0
16367,0
22014,0
5465,0
16854,1
16807,0
14206,0
1449,0
13260,0
31525,0
9863,0
28855,0
16893,1
6708,0
15049,0
30979,1
15788,0
5768,0
30207,0
25175,0
27361,0
23877,0
1479,0
4737,0
30750,0
10934,0
11897,0
8641,0
2302,0
9363,0
20990,0
17638,0
17994,0
28881,0
13336,0
22178,0
17082,0
9178,0
16153,0
19214,0
365,0
696,0
1172,0
25937,0
23980,0
21463,0
25421,0
3967,0
6744,0
1039,0
11789,0
2722,1
15898,0
6762,0
18408,0
11765,0
10948,0
26996,0
25752,1
16457,0
30852,0
17077,0
29158,0
15473,0
27383,0
15098,0
11577,0
21085,0
27640,0
29108,0
17136,0
3301,0
23939,0
1458,0
6966,0
23006,0
7915,0
9387,0
6696,0
28223,0
21795,0
1840,0
26260,0
14733,0
19493,1
18034,0
14415,0
12319,0
3990,0
30210,0
16982,0
31208,0
21625,0
26489,0
28508,0
13185,0
23594,0
14250,0
3297,0
13413,0
7503,0
23339,0
30465,0
1315,0
11173,1
14944,0
4522,0
25218,1
3017,0
27305,0
7402,1
24031,0
13331,0
4495,0
31953,0
7263,0
13586,0
2050,0
12811,0
20384,0
28423,0
8096,0
19167,0
10528,0
22016,0
10874,0
20256,0
11964,0
11903,0
23251,0
13272,0
14790,0
15326,0
7625,0
6541,0
31925,0
18626,0
18996,0
22495,0
5493,1
21,0
27013,0
170,0
3489,0
17916,0
13201,0
5323,0
12411,0
12236,0
24992,0
19922,0
2192,0
6160,0
1810,0
15758,0
29987,0
19486,0
16440,0
26163,0
29951,1
3957,0
6856,0
12932,0
17995,0
8718,0
28044,0
3285,0
25807,0
6757,0
12016,0
14332,0
14657,0
25431,0
24179,1
18819,1
18478,0
18401,0
13110,0
18737,0
23535,1
5903,0
2950,1
25155,0
12615,0
7135,0
3806,0
5402,0
3947,0
23485,0
31938,0
23597,1
26863,0
14245,0
25662,0
1041,0
20907,0
13439,0
15441,0
17333,0
20498,0
8271,0
12451,0
2221,0
28255,0
5590,0
3388,0
29756,0
6755,0
19608,0
24511,0
7803,0
10939,1
13666,0
23087,0
8659,0
26108,0
27800,0
29110,0
5180,0
4890,0
14797,0
831,0
508,0
10987,0
18716,0
10927,0
10340,0
22679,0
25530,0
21791,0
25897,0
12199,0
28772,0
28941,0
18604,0
27132,0
13187,0
25780,0
21222,0
5752,0
4208,0
4039,0
16462,0
18788,0
21110,0
1107,0
25744,0
24486,0
28699,0
155,0
23387,0
25997,0
16895,0
11780,0
18616,0
11104,0
12590,0
9406,0
22199,0
18459,0
12212,0
7510,0
21843,0
21210,0
19715,0
22721,0
21928,0
7189,0
23002,0
14789,0
25223,0
29596,1
30093,0
18689,0
18497,0
28556,0
16527,0
3276,0
23056,1
31128,0
1256,0
13783,0
30440,0
20501,0
23889,1
17999,0
17542,0
24151,1
21058,0
31437,0
4188,0
306,0
24609,0
3047,0
29816,0
16590,0
23534,0
10711,0
17419,0
3169,0
31710,0
16428,0
18387,0
9941,0
26051,0
4899,0
17923,0
23294,0
17235,0
21226,0
4054,0
11750,0
20289,0
24126,0
10709,0
7578,0
3638,0
9735,0
130,0
24214,0
1467,0
10458,0
8639,1
29257,0
5616,0
10278,0
31573,0
9965,0
18238,0
9526,0
20207,0
11826,0
23666,0
17355,0
15611,0
8309,0
110,0
4640,0
20579,0
15558,0
9206,0
14742,1
19401,0
26828,0
6681,0
21327,0
5155,0
25679,0
25171,1
28669,0
14981,0
13635,0
25110,0
1719,0
12849,0
3350,0
11815,0
19674,0
31774,0
11381,0
11755,0
1707,0
31039,0
11276,0
1387,0
24567,1
22157,0
11803,0
26781,1
30267,0
23282,0
2947,0
20726,0
21154,0
26824,0
9334,0
3645,0
10697,0
29418,0
618,1
15141,0
7103,0
30790,0
10708,0
18051,0
7594,0
1710,0
12678,0
15004,0
25941,1
18056,0
19152,0
29879,0
27426,0
14122,0
14706,0
19102,0
8312,0
16816,0
29411,0
4731,0
15903,0
22629,0
28151,1
16714,0
5138,0
22397,0
18981,0
15270,0
22324,0
10787,0
30263,0
14113,0
14441,0
26865,0
6973,0
6052,0
4515,0
16449,0
21996,0
14536,0
23781,0
8348,0
31337,0
22183,0
20098,0
23729,0
18052,0
29296,0
2404,0
14371,0
22136,0
26164,1
30170,0
25972,0
4523,0
16946,0
24864,0
7027,0
23826,0
20524,0
4245,0
31021,0
20773,0
11619,1
24809,0
30459,0
2057,0
27775,0
3303,0
31205,0
3738,0
24889,0
8851,0
29122,0
10520,0
28269,0
3563,0
12527,0
31068,0
22731,0
5963,0
18083,0
3001,0
29740,0
15058,0
25358,0
15161,0
18001,0
7038,0
926,0
13355,0
18263,0
21055,0
22252,0
12147,0
26422,0
17526,1
8382,0
22787,0
24848,0
14474,0
16920,0
3795,0
12196,0
20869,0
26733,0
30581,0
9611,0
6942,0
3420,0
27470,0
21328,0
19702,0
6134,0
11440,0
27034,0
12062,0
24672,0
9646,0
29062,0
28227,0
30740,0
15827,0
27389,0
1274,0
27981,0
25031,0
7923,1
6436,0
15983,0
31734,0
2512,0
5001,1
11774,0
14513,0
23649,0
5470,0
22248,0
9351,0
25163,1
26410,0
19222,0
7364,0
20257,0
14710,0
4866,0
16883,0
21126,0
14274,0
31849,0
2174,0
31149,0
20919,0
24462,0
15746,0
29271,0
13602,0
7269,0
20793,0
20471,0
13277,1
2272,0
7968,0
7486,0
21732,0
20197,1
9235,0
26899,0
28707,1
30783,0
18231,0
24601,0
13128,0
22127,0
26672,0
21948,0
28040,0
3338,0
10561,0
10454,0
15715,0
31916,0
18536,0
18008,0
28446,0
24447,0
12422,0
631,0
16087,1
964,0
13412,0
13591,0
28551,0
20045,0
15401,0
19854,0
3491,0
12844,0
13215,0
224,0
31441,0
15880,1
20893,0
21351,0
27726,0
18407,0
1312,0
18414,0
31709,0
8593,0
24547,0
16637,0
21396,0
21277,0
5477,0
24637,0
28445,0
8244,0
11760,0
5308,0
18161,0
7812,0
16494,0
15587,0
23073,0
5381,0
1504,0
23942,0
4848,0
24852,0
28718,0
12064,0
24138,0
9899,0
6959,0
31266,0
4910,0
19427,0
18790,1
6030,0
6202,0
29764,0
15782,0
24571,0
12028,0
12309,0
15040,0
24961,0
26024,0
8078,0
11645,0
27932,0
19248,0
87,0
11388,0
14018,1
6100,0
8988,0
31217,0
21012,0
1192,0
21955,0
29244,0
12205,0
19469,0
18806,0
2811,0
24240,0
12599,0
4145,0
7660,0
22022,0
8609,0
650,1
2970,0
19682,0
315,0
31301,0
21102,0
27801,0
9791,0
25606,0
5464,0
9217,1
24413,0
25714,0
2334,0
2992,0
20987,0
3830,0
18767,0
31694,0
18192,0
23917,0
9524,0
29142,0
19781,0
12805,0
9546,0
7424,0
19898,0
4175,0
16292,0
25588,0
25555,0
6702,0
26012,0
6824,0
3446,0
15132,0
9877,0
22246,0
19980,0
24189,0
8800,0
16989,0
9729,0
12658,0
15496,0
12125,0
28180,0
1491,0
920,0
2207,0
7954,0
4504,0
1230,0
3257,0
12826,1
21755,0
9681,0
24617,0
28270,0
26543,0
25715,0
18717,0
22616,0
12342,0
195,0
20507,0
75,0
10891,0
5111,0
11692,0
24221,0
22861,0
12222,0
18664,0
16224,0
7206,0
24638,0
24561,0
25424,0
20965,0
31772,0
8145,0
19688,0
12034,1
6032,0
19623,0
18910,0
9388,0
17284,0
25124,0
28786,0
11969,0
17330,0
25993,1
10969,0
24168,0
4988,0
20414,0
23669,0
7914,0
17907,0
6428,0
28991,0
9634,0
610,0
27618,0
12664,0
10582,0
27268,0
24962,0
30802,0
6426,0
11357,0
19995,0
9435,0
9290,0
14148,0
2543,0
14823,0
21989,0
17844,1
21540,0
27860,0
24604,0
26642,0
394,0
9063,0
7595,0
6949,0
12126,0
6965,0
5759,0
15497,0
12882,0
18132,0
31496,0
5108,0
3421,0
4708,0
22238,0
20525,0
28674,0
1962,0
4540,0
10683,0
28986,0
15850,0
9886,0
28675,0
14637,0
10300,0
9767,0
30104,0
25254,0
20352,0
28656,0
5707,0
10702,0
9360,0
5848,0
16271,0
11248,0
22779,0
21738,0
18585,0
3230,0
24844,0
8977,0
23509,0
5622,1
9533,0
8441,0
25320,1
20652,1
4381,0
21772,0
23231,0
7023,0
27817,0
6618,0
16596,0
506,0
4203,0
6427,0
26763,0
9757,0
2260,0
17540,0
11764,0
21292,0
2774,0
25750,0
2900,0
14598,0
22346,0
25863,0
3757,1
12174,0
21025,0
21834,0
13978,0
17373,0
14019,0
1311,0
16824,0
17964,0
29036,0
25741,0
375,1
4049,0
9312,0
27304,0
10975,0
27256,0
31162,0
30250,0
15947,0
11373,0
3364,0
18567,0
26627,0
21491,0
25776,0
1687,0
4475,0
1121,0
29314,0
5228,0
29075,0
13574,0
23828,0
9804,0
20997,0
386,0
25630,0
30892,0
13746,0
20592,0
18810,0
14497,1
2964,1
26320,0
26881,0
25825,0
16923,0
11367,0
4507,0
19122,0
5592,0
21887,0
20547,0
23921,0
20553,0
16517,0
21579,0
13829,0
11042,0
8474,0
19320,0
18194,0
16833,0
23680,1
13907,0
580,0
4669,0
29600,1
23218,0
11266,0
16429,0
21898,0
18088,0
2286,0
5602,0
28162,0
4635,0
18846,0
12946,0
24060,0
10267,0
7212,0
21692,0
9382,0
20477,0
23808,0
30395,0
10431,0
29964,0
15494,0
23836,0
6452,0
11868,1
29918,0
4402,0
17124,0
12855,0
16935,0
8833,0
10279,0
15866,0
5974,0
28476,1
2369,0
15011,0
11245,0
8038,0
1429,0
8677,0
15395,0
13715,0
10118,0
5681,0
1554,0
14784,0
22536,0
28391,0
19468,0
29900,1
28136,0
12927,0
274,0
28084,0
19474,0
31840,0
8917,0
30753,0
4912,0
26555,0
1759,0
16313,0
17244,0
27167,0
14311,0
17667,0
18654,0
27102,0
9440,0
3457,1
3580,0
23361,1
24562,0
10451,0
13692,0
21425,0
4571,0
6332,0
5866,0
11898,0
1330,0
10599,0
27978,0
28349,0
21269,0
5663,0
9047,0
21208,0
6440,0
7453,0
4186,0
27436,0
18372,0
27895,0
18509,0
12372,0
15371,0
23755,0
11910,0
14666,0
9207,0
22027,0
13009,0
30941,0
25276,0
20061,1
29275,0
57,0
19741,0
13473,0
22767,1
14347,0
9425,0
28973,0
2883,0
16615,0
30028,0
5501,1
22079,1
4723,0
4588,0
9481,0
14161,0
4764,0
30040,0
20756,0
12436,0
23719,1
30931,0
5187,0
23057,0
26202,0
3517,0
19126,0
18861,0
11873,0
27642,0
24995,0
7031,0
6731,0
20175,0
9029,0
25233,1
26635,0
3293,0
10516,0
27952,0
29564,0
7096,0
2785,1
22230,0
31194,0
6825,0
20086,0
10920,0
4094,1
8743,0
25567,0
227,0
14448,0
30925,0
30773,0
29491,0
268,0
5008,0
26540,0
26931,0
22527,0
13179,0
5638,0
28312,0
1745,0
26263,0
18561,0
4857,0
29950,0
21335,0
679,0
14682,0
17815,0
26428,0
29088,0
24311,0
21243,1
1103,0
15413,0
30848,0
17576,0
10468,0
2859,0
28292,0
10446,0
28640,0
13664,0
4567,0
23581,0
11137,0
10552,0
16819,0
27811,0
20170,0
21682,0
14540,0
17732,0
12718,0
4481,0
9931,0
18283,1
1911,0
29021,0
4215,0
15747,0
10,0
28899,1
29447,0
3568,0
26188,0
15317,0
24087,0
169,0
5937,0
7400,0
27471,0
19261,0
1556,0
7133,0
29016,0
18115,0
6355,0
10097,0
12522,0
4454,0
4739,0
13306,0
24535,0
4893,0
12021,0
27401,0
18237,0
2363,0
17523,0
1196,0
18515,0
23582,0
30532,0
20602,0
12639,0
21141,0
24674,0
9076,0
9776,0
22802,0
15585,0
11395,0
22579,0
11453,0
7256,0
26314,0
9436,0
22574,0
15226,0
28008,0
18758,0
31907,0
14230,0
12486,0
17737,0
2025,0
24441,0
17171,0
973,0
9355,0
18617,0
23237,0
31926,0
26854,1
30829,0
4187,0
14552,0
8686,0
24370,0
2457,0
20542,0
22564,0
15830,0
25126,0
18508,0
19658,0
20782,0
14715,0
28169,0
31093,0
1821,0
12352,0
28647,0
21939,0
21350,0
25435,0
3978,1
7895,0
13938,0
10427,0
16130,0
543,0
1267,0
9420,0
19224,0
7666,0
15238,0
28097,0
20262,0
24570,0
25264,0
15911,0
30990,0
8788,0
25312,0
18721,0
16351,0
6247,1
21257,0
16709,0
20140,0
23370,0
21500,0
21215,0
31761,1
4699,0
24466,0
7678,0
30724,0
2122,0
1069,0
12550,0
19964,0
28154,0
6004,0
4510,0
29511,0
22182,0
1439,0
19187,0
26977,1
18271,0
7058,0
30622,0
5371,0
11195,0
29826,0
19740,0
18412,0
16574,1
8313,0
208,0
29297,0
18002,0
3375,0
16618,0
13361,0
25691,0
26912,0
4014,0
28944,0
1203,0
17509,0
19933,1
20395,0
4073,0
20084,0
10219,0
20127,0
29782,0
1947,0
11205,0
5970,0
12390,0
19593,0
23741,0
10362,0
16331,0
2572,0
20452,0
4349,0
8354,0
11053,0
27070,0
7871,0
304,0
7312,0
20115,0
29401,0
16210,0
2364,0
19641,0
18682,0
28671,0
2399,0
1538,0
24194,0
2865,0
21603,1
19115,0
26396,0
5679,0
26058,0
28560,0
9547,0
22003,0
30863,0
27463,0
29582,0
20595,0
7561,0
18621,0
21089,0
20457,0
24437,0
1547,0
1897,0
12482,0
14595,0
18792,0
8809,0
16181,0
16222,0
5975,0
30383,0
14101,0
24383,0
1984,0
6900,0
8256,0
9813,1
20167,0
27441,0
5087,0
3458,0
9893,0
16252,1
22452,0
21022,0
1036,0
22900,0
14713,0
7064,1
6776,0
22229,0
20702,0
27255,0
30153,0
3919,0
5504,0
10813,0
9189,0
1996,0
36,0
10643,0
10865,0
6375,0
30371,0
21602,0
1382,0
24758,0
23516,0
5317,0
25048,0
10584,0
4161,0
7471,0
7993,0
31249,0
7248,0
28902,0
27504,1
29406,0
21597,0
26584,0
10915,0
6651,0
731,0
28892,0
10810,0
26337,0
12366,1
15414,0
18480,0
3064,0
4324,0
19764,0
563,0
25620,0
30869,0
11808,0
21574,0
5118,0
20999,0
6561,0
24469,0
21878,0
16326,0
21027,0
1188,0
13982,0
30112,0
29760,0
7777,0
14606,0
3625,0
4733,0
28627,0
12906,0
23101,0
8832,0
30637,0
3674,0
706,0
11565,0
11746,0
30324,0
23540,0
28748,0
28896,0
28874,0
19280,0
4109,1
15174,0
9177,0
18569,0
31803,0
23790,0
30237,0
18874,0
11659,0
23811,0
2758,0
19799,0
23202,0
22492,0
13302,0
15110,0
6190,0
11477,0
2452,0
9,0
27228,0
12038,0
31384,0
5197,0
15534,0
23093,0
28770,0
4999,0
19509,0
8858,1
19804,0
16447,0
31726,0
15444,0
24290,0
24983,0
17550,0
20242,0
23642,0
25502,1
16559,0
27540,0
19662,0
4169,0
11682,0
27900,0
13669,0
4359,0
30687,0
9968,1
18824,0
6282,0
3763,0
31904,0
11262,0
1422,0
18942,0
1079,0
13022,0
6377,0
22191,0
25308,0
9633,0
11134,0
12677,0
21437,0
17881,0
6954,0
14185,0
17029,0
9718,0
7240,0
6317,0
19061,0
30272,0
22047,0
26928,0
29141,0
22405,0
23296,0
27160,0
10554,0
31834,0
25464,0
18691,0
6625,0
30173,0
28884,0
10638,0
31545,0
31721,0
3526,0
15683,0
17612,0
26690,0
3780,0
16670,0
21686,0
20228,0
17367,0
5587,0
166,0
64,0
30793,0
23664,0
2949,0
23629,0
21575,0
22485,0
16621,0
24337,0
20134,0
10630,0
19036,0
24798,0
1261,0
6564,0
30477,0
14933,0
24784,0
16837,0
19391,0
21417,0
1131,0
22337,0
20966,0
11344,0
8861,0
9426,0
5778,0
13177,0
31628,0
27480,0
13472,0
23270,1
29979,0
8066,0
30526,0
30315,0
400,0
19414,0
20688,0
4325,0
3981,0
7427,0
13250,1
257,0
22494,0
13378,0
5956,0
8220,0
15298,0
7764,0
21553,0
13119,0
22665,0
5641,0
19632,0
22292,0
25682,0
14208,0
23277,0
5533,0
9494,0
24234,0
6830,0
24703,0
24697,0
20753,0
985,0
12752,0
27458,0
10732,1
11599,0
27761,0
498,0
7609,0
15905,0
28880,0
22657,0
8955,1
9885,0
16321,0
29427,0
20486,0
25429,0
6112,0
15294,0
21250,0
24871,0
8790,0
25297,0
20010,0
19375,0
3070,0
25853,0
2423,0
2016,0
8854,0
10478,1
14370,0
9986,0
18904,0
29763,0
14211,0
3863,0
548,0
3222,0
22557,0
3184,0
22603,0
15990,0
25763,1
93,0
28469,0
24323,0
25770,0
9887,0
540,0
22948,0
26904,0
15432,0
11604,0
15988,0
14833,0
613,0
11009,0
31535,0
19859,0
12789,0
7233,0
5467,0
28477,0
31820,0
1832,0
19677,0
30645,0
17742,0
25649,0
23989,1
11663,0
20581,0
14848,1
10901,0
13407,0
13087,0
10241,0
30737,0
22588,0
9021,1
20633,0
5146,0
4415,0
8109,0
20378,0
8013,0
1591,0
11335,0
31038,0
3456,0
30935,0
11446,0
12809,0
2600,0
1609,0
30528,0
21775,0
24164,0
23107,0
18976,0
3569,0
2420,0
1283,0
10879,0
19528,0
6711,0
9643,0
14547,0
16592,0
19786,0
24319,1
10542,0
21758,0
26813,0
4022,0
12105,1
22204,0
17039,0
6767,0
20956,0
29658,0
26246,0
14141,0
28808,0
5828,0
24203,0
12565,0
15031,0
20928,0
20684,0
9245,0
31402,0
31482,0
2093,0
1551,0
4929,0
116,0
16520,0
19681,0
3463,0
13013,0
24115,0
6623,0
22386,0
17469,0
6842,0
30443,0
19255,0
25243,0
12139,0
31126,0
21256,1
1534,0
9581,0
17354,0
9110,0
26502,0
20473,0
812,0
889,0
28334,0
20091,0
20780,0
15172,0
15194,0
12912,0
16802,0
19271,0
15430,0
18697,0
21159,0
23062,0
28511,0
17762,0
22541,0
7441,0
6676,0
8771,0
13468,0
25944,0
21453,0
956,0
22770,0
3006,0
19022,0
27872,0
29787,0
1786,0
591,0
21163,0
16175,0
15130,0
24704,0
12415,0
9293,0
23459,1
22664,0
8618,0
9282,0
8479,0
9696,0
19432,0
21386,0
18462,0
22747,0
26716,0
27275,1
3992,0
15385,0
11308,0
11552,0
23203,0
13940,0
16119,0
688,0
20176,0
24274,0
6647,0
14649,0
16774,0
10793,0
1980,0
21480,0
26288,0
22961,0
23356,0
20521,0
2522,0
2746,0
29399,0
10944,0
20636,0
6766,0
27110,0
22701,0
8993,0
8430,0
1565,0
14251,0
31685,0
28480,0
21354,0
11634,0
25781,0
26341,0
22799,0
15973,0
22129,0
6280,0
5474,0
20832,0
26110,0
23644,0
20598,0
2430,0
11156,0
4319,0
24789,0
14675,0
18835,0
10941,0
9220,0
16792,0
31930,0
13220,0
17752,0
6363,0
31670,0
6046,0
9664,0
9982,0
12490,0
23437,0
19369,1
14108,0
29591,0
10961,0
20202,0
30390,1
27733,0
18030,0
31360,0
6802,0
20681,0
10919,0
13895,0
10183,0
17781,0
3308,0
25485,0
1106,0
10013,0
29237,0
4383,0
4314,1
12071,0
5129,1
21295,0
28820,0
30908,0
366,0
4390,0
8141,0
4887,0
17242,0
4287,0
19489,0
14989,0
8532,0
27695,0
24740,0
22018,0
8900,0
27986,0
31013,0
2479,0
9529,0
16790,0
13370,0
18268,1
5011,0
18375,0
27403,0
19881,0
10656,0
6215,0
24029,0
8507,0
24260,0
13266,0
12562,0
12576,0
16226,0
8229,0
2912,0
8600,0
23338,0
14426,0
6000,0
11842,0
20884,0
27884,0
13593,0
9743,0
13745,0
29404,0
3619,0
14463,0
14314,0
12254,0
21213,0
13695,0
21980,0
11537,0
2656,0
10258,0
25208,0
7047,0
6664,0
25495,0
10717,0
13239,0
10985,0
6091,0
7866,0
14058,0
19331,0
15529,0
22548,0
945,0
14450,1
19390,0
8566,0
808,0
15388,0
28658,0
8261,0
30834,0
14955,0
7805,0
10917,0
3548,0
17879,0
29337,0
17772,0
20419,0
16275,0
9438,0
29003,0
17858,1
13786,0
12250,0
22929,0
12374,0
14965,1
30305,0
21648,0
29945,0
2882,0
6341,0
7776,0
5312,0
28512,0
6308,0
4621,0
2283,0
25117,0
4501,0
6394,0
12739,0
31547,0
6714,0
1828,0
19876,1
4342,0
5525,0
577,0
25541,0
4712,0
6293,0
9125,0
8648,0
3950,0
31680,0
6468,0
11096,0
27908,0
17580,0
15632,0
27748,0
10849,0
12011,0
13625,1
11411,0
7470,0
8032,0
10224,1
9012,0
15610,1
26166,0
12512,0
16123,0
8975,0
18947,0
3109,0
10190,0
15851,0
6777,0
6773,0
12885,0
30146,0
10878,0
3339,0
5432,0
7997,0
5034,0
2605,0
5839,0
18364,0
638,0
14498,0
30368,0
20379,0
17978,0
4001,0
16913,0
3473,0
17365,0
25635,0
1751,0
20337,0
273,0
5415,0
6051,0
24278,1
10541,0
4377,0
28972,1
27604,0
21994,0
21789,0
13490,0
1228,0
14563,0
15732,0
9830,0
2297,0
28988,0
3671,0
3442,0
18934,0
12111,1
9742,0
27709,0
16026,0
26454,0
6920,0
2190,0
2063,0
11240,0
21321,0
11958,0
17942,0
5668,0
1248,1
30507,0
18349,0
9783,0
624,0
29989,0
7865,0
4879,0
25532,0
6916,0
20195,0
29279,0
28359,0
8863,0
18178,0
17475,0
24014,0
14053,0
15624,0
25071,0
29477,0
19936,0
29281,0
12786,0
29743,0
7696,0
19829,0
6575,0
6149,0
12120,0
1578,0
30920,0
2986,1
1255,0
20665,0
27673,0
22062,0
26297,0
21201,0
31588,0
26190,0
7485,0
8925,0
22798,0
25465,0
8124,0
17992,0
25842,0
17271,0
23891,0
10872,0
10293,0
3841,0
10095,0
1738,0
14796,0
5757,0
13599,0
22696,0
10272,0
29308,0
27216,0
27195,0
9875,1
15409,0
10567,0
4765,0
1885,0
1939,0
24580,0
27227,0
26575,0
31701,0
6116,0
25887,0
21467,0
30085,0
17093,0
14,0
7375,0
18811,0
15019,0
6369,0
5164,0
20069,0
21324,0
8783,0
2232,0
20287,0
2687,0
26752,0
5134,0
8265,0
26186,0
4485,0
12489,0
28251,0
31029,0
13822,0
28932,0
2450,0
28579,0
21849,0
1316,0
20082,0
10136,0
1780,1
22335,0
23600,0
14939,0
674,0
5355,0
1279,0
8083,0
9337,0
299,0
119,0
15794,0
17269,0
13766,0
5701,0
15343,0
30344,0
5723,0
11073,0
26723,0
26909,1
24812,0
12112,0
5299,0
3553,0
23645,1
10270,0
8182,0
2159,0
7854,0
16826,0
22007,0
332,0
10434,0
11680,0
15595,0
3608,0
18282,1
8543,0
11820,0
10980,0
13911,0
12969,0
13029,0
22351,0
4380,0
25985,0
18423,0
9071,0
5114,0
25529,1
28594,0
27374,0
21355,0
22873,0
8270,1
7801,0
31153,0
22716,0
28714,0
819,0
6617,0
6461,0
463,0
23842,0
17145,0
17614,0
4237,0
9455,0
16715,0
293,0
16206,0
17693,0
24550,0
23965,1
17225,0
11806,0
21746,0
31230,0
20685,0
23800,0
27609,0
24922,0
11488,0
7418,0
1582,0
26681,0
6859,0
783,0
16167,0
15775,0
30414,0
20068,0
10277,0
19837,1
10504,0
12690,0
7281,0
14903,0
5040,0
25237,0
25612,0
19473,0
13887,0
24343,1
4103,0
21448,0
9688,0
17596,0
16605,0
14762,0
21117,0
27397,0
6105,0
22619,0
16185,0
16352,0
9170,0
30970,0
30274,0
6496,0
27749,0
11657,0
17704,0
15282,0
26003,0
3695,0
2989,0
3361,0
21520,0
20404,0
10245,0
4275,0
25244,0
16586,0
12106,0
18702,0
6836,0
31138,0
14859,0
11319,0
4783,0
21170,0
15862,0
15784,0
4771,0
10103,0
14082,0
1285,0
29873,1
30657,0
26680,0
5026,0
23895,0
14785,0
1541,0
2494,0
8278,0
30853,0
25293,0
1060,0
30225,0
29474,0
16435,0
26135,0
18072,0
17527,0
24399,0
7977,0
17930,0
2892,0
23997,0
17957,0
27237,0
17332,0
6443,0
3783,0
25666,0
4858,0
15546,0
24655,0
31071,0
29580,0
13953,0
3833,0
3246,0
13427,0
12484,0
874,0
10065,0
17842,0
4376,0
5637,0
12214,1
9396,0
15825,0
16925,1
14705,0
7083,0
9488,0
67,0
9648,0
13192,0
16577,0
5544,0
28540,0
1148,0
3130,0
4666,0
25127,0
16894,0
16841,0
31008,0
17160,0
30361,0
12800,0
11338,0
19365,0
25193,0
29977,0
30667,0
1635,0
24664,0
16815,0
793,0
30068,0
4705,0
19902,0
22488,0
16084,0
2765,0
14254,0
25877,0
312,0
5946,0
24057,0
24955,0
11077,0
26174,0
16564,0
9099,0
27399,0
13299,0
27527,0
21656,0
2757,0
24976,0
29413,0
28757,0
23496,0
16519,0
8972,0
3636,0
13127,0
16689,0
10366,0
2618,0
5688,0
10735,1
18262,0
18822,0
18578,0
8625,0
1881,1
19996,0
29211,0
2046,0
14984,0
26406,0
1997,0
25705,0
3702,0
6861,0
16740,0
186,0
23519,0
26885,0
9103,0
23150,0
10856,1
19335,1
31024,0
23267,0
23924,0
12519,0
19463,0
8930,0
22876,0
6073,1
2355,0
12612,1
12908,0
11460,0
13080,0
24566,0
6001,0
18839,0
408,0
2890,0
23725,0
15926,0
21413,0
24624,1
25996,0
6515,0
16686,0
28681,0
10938,0
13694,0
24046,0
5030,0
27031,1
3101,0
718,0
5466,0
9037,0
5125,1
8678,0
14586,0
5144,0
30399,0
16091,0
2477,0
22376,0
7671,0
10719,0
29855,0
27051,0
21317,0
26747,0
29572,0
26973,0
15616,0
17662,1
31578,0
19308,1
70,0
9920,0
9513,0
27658,0
27260,0
7069,0
3812,0
11327,0
10206,0
11600,0
26106,0
10873,0
24716,0
25483,0
22889,0
15330,1
25621,0
26884,0
26686,0
20413,0
15051,0
14758,0
8275,0
17230,0
13837,0
27188,0
22108,0
2802,0
7457,0
15366,0
13842,0
28094,0
21847,0
24132,0
27478,0
21631,0
12300,0
21172,0
20876,0
20922,0
27767,0
11185,0
30471,0
25205,0
3599,0
8952,0
28985,0
24721,0
30781,0
20620,0
2920,0
5165,1
22124,0
15890,0
12295,0
9216,0
13934,0
3959,0
31302,0
14289,0
21180,0
7082,0
3669,0
5543,0
1453,0
24916,0
21452,0
18150,0
26862,0
6081,0
31667,0
25855,0
22988,0
18351,0
2407,0
23563,0
26704,0
14410,0
2857,0
31750,0
27794,0
4431,0
25040,0
9896,0
18272,0
545,1
21221,0
26725,0
20627,0
9501,0
384,0
11909,0
29341,0
14957,0
542,0
7667,0
24629,0
31395,0
22267,0
21558,0
13436,0
7352,0
20937,0
21173,0
16955,0
20698,0
16603,0
8957,0
19346,0
4106,0
29249,0
27484,0
17793,0
13990,1
16589,0
29668,0
26432,0
16208,0
7984,0
11675,0
30928,0
28746,0
6435,0
4750,0
28309,0
7195,0
693,1
24684,0
15303,0
5826,0
21124,0
10181,0
29621,0
19665,0
28861,0
31063,0
24450,1
13946,0
18791,0
8508,0
21613,0
14709,0
14412,0
12208,0
18068,0
11946,0
10867,0
29342,0
2230,0
20194,0
14546,0
11282,0
31460,0
23546,0
25499,0
30168,0
7917,0
645,0
30618,0
8368,0
7553,0
22594,0
17285,0
8121,0
4355,0
7913,0
20520,0
19915,0
5804,0
28697,0
1332,0
9521,0
21822,0
24375,0
8556,0
19953,0
3274,0
20039,0
1407,0
31490,0
25180,0
8459,0
18121,0
23098,0
8643,0
3323,0
1367,0
7571,0
20001,0
23444,0
26018,0
13699,0
1663,0
24078,0
19110,0
25239,0
23212,0
2630,1
15039,0
21441,1
19932,1
18607,0
9221,0
19129,0
28504,0
23972,0
19832,0
2400,0
12936,0
28139,0
22569,0
20025,0
12349,0
12999,0
29963,0
29097,0
31283,0
8840,0
4977,0
9712,0
15416,0
5528,0
27810,0
12539,0
18620,0
18951,1
9562,0
16424,0
17685,0
11572,0
3693,0
26505,0
5553,1
13307,1
1168,0
16431,0
22855,0
7043,0
27984,0
19603,0
16268,0
1540,0
15538,0
7702,0
7983,0
31137,0
14947,0
14478,0
2039,0
15088,0
15806,0
3668,0
20637,0
12001,0
12523,1
4460,0
24448,0
18582,0
4689,0
5332,0
31075,0
9276,0
22888,0
28225,0
11347,0
17272,0
25439,0
9182,0
15665,1
25862,0
5484,0
22262,0
23835,0
8039,0
13183,0
17002,0
28425,0
4123,0
7298,0
13414,0
25160,1
24851,0
22263,0
20465,0
3357,1
28660,0
28128,0
11198,0
16785,0
31292,0
26998,0
17439,0
12848,0
27870,0
9889,0
8820,0
10579,0
16334,0
31793,0
25053,0
23016,0
20757,0
24820,0
21078,0
9649,0
1827,0
385,0
21478,0
18055,0
10345,0
24277,0
6431,0
5370,0
22362,0
19532,0
31699,0
15695,0
2718,0
6831,0
10080,0
9259,0
31873,0
20307,0
15452,0
12361,0
18190,0
27965,0
5971,0
21765,0
23977,0
20028,0
1020,0
7532,0
13915,1
30433,0
7658,0
7191,0
17017,1
12063,0
19428,0
15449,0
23730,0
17012,0
28475,0
8468,0
9203,0
23209,0
27246,0
25003,0
21398,0
20236,0
4182,0
4045,0
16502,0
17337,1
28764,0
27564,0
417,0
8228,0
24072,0
13510,1
19339,0
29059,0
1825,0
6687,0
5952,0
16300,0
25769,0
31513,0
30192,0
21729,0
4029,0
21026,0
13560,0
20135,0
31274,0
26044,0
21288,0
20574,0
28082,0
8153,0
5359,0
6034,0
29776,0
30998,0
2638,0
12513,0
12371,0
23823,0
5857,1
20271,0
16908,0
7183,0
10220,0
27291,0
26621,0
7095,0
12993,0
30676,0
7611,0
7017,0
10842,0
12879,0
7506,0
5191,0
21068,0
26624,0
27489,0
28450,0
9465,0
21657,0
15605,0
12023,0
20373,0
8340,0
18321,0
9618,0
7711,0
11301,0
816,0
28712,0
9763,1
27226,1
3874,0
7492,0
16198,0
30016,0
4439,0
26925,0
19134,0
6832,0
592,0
15725,0
30851,0
17951,0
29731,0
10663,0
26969,0
27357,0
21002,0
7145,0
12939,0
7999,0
24175,0
10508,0
31102,0
15227,0
27552,0
30809,0
14759,0
31777,0
17309,0
12547,0
11973,0
1092,0
14137,0
27858,0
17870,0
11372,0
8919,0
10658,0
24130,0
11953,0
24421,0
28481,0
12514,0
4914,0
14135,0
31341,0
15305,0
23221,0
7270,0
31645,0
686,0
12025,0
11430,0
16276,0
5290,0
25473,0
21323,0
12239,1
9800,0
23833,0
21434,0
7879,0
6526,0
23822,0
25463,0
25280,0
30313,0
12474,0
21541,1
1702,0
3004,0
31322,0
14554,0
27396,0
30842,0
23167,0
13542,0
8060,0
19743,0
19422,0
12619,0
9680,0
1790,0
131,0
25043,0
19,0
18232,0
31765,0
30616,1
11181,0
14086,0
7249,0
27555,0
3558,0
4516,0
1314,0
10602,0
28025,0
15103,0
2385,0
13248,0
25658,0
30409,0
16703,0
23682,0
28258,0
15492,0
25872,0
26336,0
11854,0
4972,0
13779,0
7804,0
21061,0
18638,1
25800,0
7464,0
31858,0
29863,0
23969,0
31381,0
19478,0
5171,0
7190,0
10588,0
7035,0
15104,0
13385,0
2138,0
9840,0
19023,0
27693,0
28851,0
27614,0
31287,0
16096,0
1445,0
13726,0
6841,0
23609,0
3082,0
17847,0
24577,0
6033,0
9725,0
31740,0
7458,1
27996,0
18157,1
26700,0
30304,0
9792,0
23177,0
28544,0
27704,0
18470,0
18982,0
944,0
18012,0
21578,0
1345,0
8745,0
17873,0
20229,0
25627,0
19182,0
13624,0
26506,0
27735,0
10967,0
23075,0
20201,0
19896,0
23855,0
28963,0
13280,0
22500,0
30982,0
31949,0
27815,0
14072,0
24320,0
2839,0
12445,0
19620,1
11031,0
18095,0
246,0
25984,0
16718,0
12898,0
12230,0
10905,0
26956,0
1031,0
31430,0
5217,0
16423,0
10292,0
4207,0
9175,0
29185,0
29388,0
9852,0
24763,0
6504,0
25850,0
29917,0
28078,0
16655,0
22843,0
24997,0
22989,0
20377,0
15635,0
16357,1
16891,0
25784,0
17444,0
20078,0
29231,0
5124,0
10978,0
29154,0
17769,0
31526,0
10598,0
26137,0
4830,0
13552,0
15517,0
8160,0
181,0
11556,0
31570,0
30252,0
12010,0
19812,0
18378,0
13705,0
13684,0
29028,0
31256,0
22496,0
5503,0
30014,0
19466,0
23553,0
18953,0
30978,0
31675,0
30939,0
28006,0
29513,0
24933,0
14024,1
15273,0
17932,0
29298,0
8888,0
4752,0
24451,0
26676,0
7056,0
21699,0
3624,0
14067,0
22526,0
19273,0
3265,0
5947,0
24176,0
15248,0
21046,0
13690,0
12404,0
4138,0
17440,0
26699,0
26847,1
27086,0
8850,0
2629,0
20325,0
7229,1
28593,0
3258,1
9816,0
20494,0
25724,0
8448,0
18490,0
4084,0
30047,0
10335,0
3347,0
10259,0
19227,0
25376,0
31869,0
27367,0
14614,0
8473,0
19926,0
2168,0
19372,0
12861,0
20328,0
2842,0
13219,0
20171,0
19676,0
10672,0
23481,0
3571,0
1958,0
27538,0
1323,0
12526,0
19048,0
10260,0
5585,0
28916,0
18433,0
5471,0
24653,0
11950,0
21048,0
1967,0
4202,0
19824,0
21842,0
12403,0
16939,0
18776,1
27101,0
31365,1
7143,0
16488,0
25113,0
12475,0
1325,0
1623,0
30105,1
21246,0
28072,0
20750,0
8233,0
19397,0
29041,1
29773,0
4526,0
24128,0
12337,0
17468,0
14071,0
599,0
25020,1
23656,0
17325,0
124,0
26303,0
6498,0
19919,0
1854,0
23991,0
21230,0
21389,1
27479,0
31751,0
15675,0
25296,0
11637,0
26187,0
26213,0
17886,0
14457,0
18269,0
7180,0
18306,0
22719,0
4552,0
10649,0
31480,0
20768,0
4214,0
16390,0
12641,0
27075,0
16432,0
8188,0
19905,0
29905,0
22481,0
6464,0
23897,0
5967,1
15324,0
9038,0
23700,0
25865,0
12256,0
2590,0
14492,0
21951,0
30328,0
22093,0
26000,0
6165,0
12109,0
3345,0
28414,0
250,0
9054,0
30569,0
19073,0
20982,0
10120,0
12122,0
12904,0
17777,0
323,0
21747,0
26075,0
6563,0
11412,0
20021,0
13207,0
13615,0
29791,0
17816,0
14167,0
337,0
21550,0
28244,0
30519,0
3932,0
15116,0
30841,0
25427,0
11487,0
28352,0
8272,0
19912,0
20216,0
21621,0
5365,0
18661,0
5236,0
11484,0
23962,0
5091,0
15874,0
18313,0
157,0
4878,1
15102,0
11948,0
25080,0
8125,1
12750,0
16356,0
27964,0
14591,0
19983,0
1217,0
21178,0
12585,0
6095,0
23524,0
15819,0
16657,0
9055,0
29465,0
29803,0
9211,1
25440,0
18298,0
13240,0
13446,0
26438,0
10576,0
6432,0
26926,1
2955,0
22305,0
29159,0
5772,0
8268,0
652,0
23472,0
29182,0
23447,0
8024,0
18415,0
20441,0
6400,0
20791,0
1185,0
14562,0
29274,0
23290,0
8737,0
28548,0
16302,0
25642,0
31767,0
14446,0
31036,0
4702,0
28515,0
14488,0
15832,0
699,0
28221,0
24204,0
29051,0
18883,0
26429,0
2856,0
5929,0
8979,0
26679,0
31737,0
2109,0
12291,0
26595,0
29300,0
2223,0
23816,0
14843,0
15505,0
19135,0
13861,0
28323,0
28692,0
4508,0
1831,1
6409,0
21552,0
28335,0
27223,0
25717,0
18136,0
13057,0
27592,0
18073,0
30017,0
22411,0
26172,0
10343,0
5301,0
30861,0
28605,0
31624,0
3972,0
13433,0
8445,0
6299,0
29923,0
23375,0
12719,0
5157,0
31415,0
6301,0
11740,0
18763,0
15922,0
6418,0
6042,0
8051,0
25854,0
13399,0
24912,0
31851,0
26550,0
13245,0
1456,0
1307,0
13655,0
428,0
28398,0
23334,0
950,0
29124,0
12629,0
8606,0
20149,0
12089,0
13609,0
1084,0
7137,0
10661,0
21704,0
21638,0
27464,0
14588,0
4876,0
27974,0
5514,0
24023,0
21891,0
21999,0
19501,0
10748,0
13402,0
13146,0
28015,0
24884,0
11225,0
13910,1
28597,0
15067,0
26782,0
9891,0
28672,0
31549,0
1964,0
15942,0
18129,0
16033,0
22776,1
22105,0
21422,0
14607,0
14169,0
16991,0
17955,0
8235,0
31459,0
23262,0
6414,0
4867,0
4466,0
15910,0
31463,0
17302,0
27945,0
26165,0
28882,0
31591,0
26958,0
28946,0
15945,0
5395,0
28047,0
18079,0
30200,0
26675,0
13754,0
7314,0
8926,0
6816,0
26426,0
21820,0
30052,0
31252,0
8661,0
29364,0
14528,0
25187,0
31704,1
27452,0
31429,0
720,0
31775,0
12917,0
10991,1
22094,1
23576,0
15528,0
8140,0
28774,0
11267,1
7885,1
26393,0
19019,0
30499,0
22567,0
6222,0
8191,0
7218,0
26342,0
2043,0
24990,0
9141,0
25404,0
16036,0
9603,0
16323,0
7448,0
2032,0
11366,0
12160,0
15261,0
30401,0
5433,0
9305,0
7692,0
8429,0
2793,1
12467,0
13877,0
26593,0
14186,1
6348,0
28894,0
2509,0
21301,0
29720,0
2129,0
16388,0
6940,0
13823,0
4950,0
26486,0
23938,0
26549,0
30963,1
11507,0
8225,1
1357,0
29207,0
17180,0
15975,1
1651,0
19000,0
15708,0
6917,0
10570,0
10401,0
30518,0
785,0
2243,0
24283,0
937,0
11300,0
1749,0
11260,0
17952,0
2154,0
5596,0
15677,0
26321,0
14707,0
3868,0
13565,0
21377,0
8514,0
17165,0
29771,0
29715,0
6123,0
11836,0
4854,0
19114,0
24804,0
9094,0
4172,0
837,0
23319,0
8009,0
11018,0
24163,0
15183,0
14232,1
9025,0
26843,0
1210,0
10922,0
18295,0
14199,0
13042,0
5926,0
6038,0
29956,0
27350,0
15008,0
26283,0
10562,0
25788,0
12733,0
3036,0
11111,0
28926,0
4364,0
15384,0
25328,0
17213,0
8567,0
4173,0
28603,0
13008,0
5779,0
22115,0
14187,0
22677,0
11190,0
21650,1
27280,0
27565,1
19661,0
29830,0
31741,0
9107,0
10535,1
18642,0
8359,0
23490,0
14585,0
14456,0
15415,0
19342,0
1474,0
7720,0
16945,0
15858,0
3820,0
815,0
2709,0
1627,0
7718,0
13452,0
26774,0
1301,0
12093,0
26622,0
3394,0
13467,0
16110,0
10376,0
12362,1
24398,0
21245,0
4058,0
28324,0
24914,0
29524,0
27659,0
30412,0
12070,0
7171,0
30073,0
9972,0
15216,0
14353,0
20143,0
24699,0
16951,0
16543,0
12884,0
19699,0
14246,0
21555,1
30614,0
8360,0
17559,0
22837,0
5397,0
11947,0
17038,0
5978,0
11069,0
26534,0
10469,0
27957,0
28001,0
19864,0
102,0
12286,0
20594,0
11855,1
4070,0
18563,0
21763,0
6389,0
605,0
27784,0
24560,0
24762,0
1059,0
19651,0
8423,0
11057,0
9409,0
14685,0
23954,0
20343,0
15024,0
3604,0
26916,0
16045,0
23011,0
25611,0
17304,0
29654,0
13283,0
23317,0
30256,0
28492,0
16166,0
12264,0
12546,0
3107,0
19708,0
28095,0
313,0
27672,0
16595,0
5092,1
26611,0
28298,0
23784,1
4700,0
30077,0
3660,0
4226,0
11570,0
11404,0
18228,0
7941,0
352,0
813,0
25025,0
31369,0
4933,0
23484,0
13601,0
2525,0
23079,0
22707,0
7376,0
15178,0
3083,0
21216,0
28134,0
28106,0
25729,0
2224,0
5350,0
18362,0
646,0
24498,0
16093,0
16943,0
22559,0
11215,0
26361,0
1174,0
6381,0
31501,0
1921,0
30349,0
8555,0
20797,0
27135,0
14592,0
3095,0
23228,0
19873,0
8194,0
31066,0
27744,0
16164,0
24559,0
11169,0
9269,0
672,1
23678,0
28307,0
22408,0
31279,0
22951,0
24030,0
9342,0
12137,0
7823,0
13041,0
27141,1
26623,0
4446,0
10522,0
3587,0
23129,0
1443,0
138,0
19643,0
21135,0
25683,0
12816,0
8491,0
28277,0
14770,0
27866,0
567,0
15464,0
11835,0
19946,0
15281,0
1272,0
25491,0
21626,0
11761,0
14625,0
14419,0
22225,0
26798,0
29835,0
26717,0
24359,0
17371,0
24619,0
3352,0
8240,0
8042,0
23932,0
7087,0
25087,0
2307,0
20311,0
17958,0
16636,0
10614,0
18394,0
12801,0
25402,0
5315,0
27901,1
2775,0
31330,0
25346,0
20255,0
19810,0
21149,0
18330,0
18571,0
8307,0
19108,0
5785,1
9014,0
18431,0
7156,0
3348,0
2196,0
8350,0
9832,0
22280,1
24824,0
7337,0
15489,0
11353,0
18645,0
31422,0
13169,0
5784,0
26232,0
29163,0
15140,0
18648,0
24333,0
19141,0
24572,0
10845,0
5335,0
5796,0
17009,0
19820,0
19313,0
10370,0
14967,0
30212,0
7849,0
17163,0
22993,0
5405,0
445,0
19713,0
13709,0
558,0
9572,0
25650,0
4421,0
29984,0
3178,0
31619,0
18484,0
27173,0
20597,0
7429,0
9354,0
21984,0
1689,0
17080,0
17130,0
3088,0
18919,0
27242,0
26955,0
2466,1
9837,0
9074,1
17818,0
18681,0
3076,0
17862,0
20536,0
25692,0
6041,0
28630,0
30350,0
15744,0
17848,0
71,0
24989,0
19646,0
22444,0
7605,0
18889,0
7257,0
15092,0
20915,0
28150,0
17620,0
1238,0
4004,0
1605,0
5570,0
29144,0
22399,0
10085,0
22458,0
3800,0
14104,0
22687,0
6017,0
2426,0
23005,0
16270,0
4072,0
3268,0
12323,0
18013,0
2615,0
8624,0
4664,0
24625,0
29615,0
25803,0
20854,0
9433,0
15253,0
12852,0
29920,0
27375,0
31569,0
4949,0
30539,0
11066,0
12395,0
2643,0
1492,0
1013,0
21223,0
21885,0
518,0
22551,0
14764,0
21334,0
2048,0
18589,0
22220,0
24339,0
11186,0
8717,0
5456,0
4793,0
17733,0
29954,0
2422,0
29472,0
6285,0
3031,0
7447,0
14668,1
13045,0
20518,0
15446,0
28919,0
10783,0
11379,0
1170,0
22635,0
24555,0
10942,0
17755,0
26491,0
21376,0
29168,0
22474,0
30140,0
29765,0
31368,0
5010,0
8484,0
31278,0
19782,0
27373,0
24949,0
7781,0
6958,0
30452,0
1764,0
5458,0
5736,0
21934,0
13016,0
5943,0
6576,0
10122,0
8608,0
6231,0
28164,0
8462,0
20334,0
18004,0
20129,0
20096,0
11749,0
13808,0
7462,0
13382,0
22918,0
7349,0
10088,0
11997,0
11419,0
4079,0
9509,0
14623,0
29839,0
29882,0
16353,0
14114,0
27146,0
9287,0
30934,0
27046,0
9847,0
1226,0
13417,0
7053,0
31034,0
23061,0
23220,0
6631,0
14736,0
3189,0
15577,0
23747,0
29050,0
23773,0
24930,0
8106,0
28254,0
26521,0
1573,1
18707,0
9913,0
1981,0
23434,0
26112,0
6935,0
25820,0
9422,0
8167,0
661,0
23143,0
10038,0
17884,0
18731,0
18139,0
5363,0
8058,0
28310,0
8962,0
26911,0
23760,0
1151,0
28514,0
30910,0
31861,0
22436,0
7581,0
15087,0
21525,0
3653,0
25033,0
30788,0
20391,0
10883,0
